	CDR3b	TRBV	TRBJ	CDR3b_nt	CDR3a	TRAV	TRAJ	CDR3a_nt	TCR_clone.aaseq	TCR_clone.aafreq	PatientsNum	Patients	Samples	epitope	epi_gene	epi_species	mhca	mhcb	source	ClusterId
4175	CASSQWSATNEKLFF	TRBV28	TRBJ1-4	TGTGCCAGCTCACAGTGGTCAGCAACTAATGAAAAACTGTTTTTT	CAAPGAGSYQLTF	TRAV36/DV7	TRAJ28	TGTGCCGCCCCTGGGGCTGGGAGTTACCAACTCACTTTC	TRAV36/DV7_TRAJ28_CAAPGAGSYQLTF_TRBV28_TRBJ1-4_CASSQWSATNEKLFF	262.0	1.0	P-HC003	S-HC003						Cell	1
6331	CASSLWSATNEKLFF	TRBV28	TRBJ1-4	TGTGCCAGCAGTCTTTGGAGCGCAACTAATGAAAAACTGTTTTTT	CASPGAGSYQLTF	TRAV36/DV7	TRAJ28	TGTGCTTCCCCTGGGGCTGGGAGTTACCAACTCACTTTC	TRAV36/DV7_TRAJ28_CASPGAGSYQLTF_TRBV28_TRBJ1-4_CASSLWSATNEKLFF	62.0	1.0	P-M017	S-M017						Cell	1
8348	CASSFWSATNEKLFF	TRBV28	TRBJ1-4	TGTGCCAGCAGTTTCTGGAGTGCAACTAATGAAAAACTGTTTTTT	CATPGAGSYQLTF	TRAV36/DV7	TRAJ28	TGTGCTACCCCTGGGGCTGGGAGTTACCAACTCACTTTC	TRAV36/DV7_TRAJ28_CATPGAGSYQLTF_TRBV28_TRBJ1-4_CASSFWSATNEKLFF	3.0	1.0	P-S087	S-S087-2						Cell	1
897	CASSLWSATNEKLFF	TRBV28	TRBJ1-4	TGTGCCAGCAGTCTTTGGAGCGCAACTAATGAAAAACTGTTTTTT	CALLDSNYQLIW	TRAV1-2	TRAJ33	TGTGCCCTTCTCGATAGCAACTATCAGTTAATCTGG	TRAV1-2_TRAJ33_CALLDSNYQLIW_TRBV28_TRBJ1-4_CASSLWSATNEKLFF	2.0	1.0	P-M017	S-M017						Cell	1
1738	CASSLWSATNEKLFF	TRBV28	TRBJ1-4	TGTGCCAGCAGTTTATGGTCAGCAACTAATGAAAAACTGTTTTTT	CATPGAGSYQLTF	TRAV36/DV7	TRAJ28	TGTGCTACGCCTGGGGCTGGGAGTTACCAACTCACTTTC	TRAV36/DV7_TRAJ28_CATPGAGSYQLTF_TRBV28_TRBJ1-4_CASSLWSATNEKLFF	2.0	1.0	P-M064	S-M064						Cell	1
27087	CASSQWSSTNEKLFF	TRBV14*01	TRBJ1-4*01						"CASSQWSSTNEKLFF	TRBV14*01	TRBJ1-4*01	nan	nan	nan	MLGEQLFPL	PABPC1	HomoSapiens	HLA-A*02:01	B2M"					MLGEQLFPL	PABPC1	HomoSapiens	HLA-A*02:01	B2M	vdj	1
3012	CASSPGLAGDNEQFF	TRBV5-4	TRBJ2-1	TGTGCCAGCAGCCCGGGACTAGCGGGAGACAATGAGCAGTTCTTC	CAAEYSTLTF	TRAV12-2	TRAJ11	TGTGCCGCCGAATACAGCACCCTCACCTTT	TRAV12-2_TRAJ11_CAAEYSTLTF_TRBV5-4_TRBJ2-1_CASSPGLAGDNEQFF	204.0	1.0	P-M044	S-M044-1 S-M044-2						Cell	2
23490	CASSPGLAGDNEQFF	TRBV6-3*01	TRBJ2-1*01		CAMRRPISSGSARQLTF	TRAV14/DV4*01	TRAJ22*01		"CASSPGLAGDNEQFF	TRBV6-3*01	TRBJ2-1*01	CAMRRPISSGSARQLTF	TRAV14/DV4*01	TRAJ22*01	KLGGALQAK	IE1	CMV	HLA-A*03:01	B2M"					KLGGALQAK	IE1	CMV	HLA-A*03:01	B2M	vdj	2
27357	CASSQGLAGDNEQYF	TRBV4-1*01	TRBJ2-7*01						"CASSQGLAGDNEQYF	TRBV4-1*01	TRBJ2-7*01	nan	nan	nan	LLLGIGILV	BST2	HomoSapiens	HLA-A*02	B2M"					LLLGIGILV	BST2	HomoSapiens	HLA-A*02	B2M	vdj	2
34269	CASSPGLAGNNEQYF	TRBV7-6*01	TRBJ2-7*01						"CASSPGLAGNNEQYF	TRBV7-6*01	TRBJ2-7*01	nan	nan	nan	GILGFVFTL	M	InfluenzaA	HLA-A*02:01	B2M"					GILGFVFTL	M	InfluenzaA	HLA-A*02:01	B2M	vdj	2
34643	CASSPGLAGANEQFF	TRBV4-2*01	TRBJ2-1*01						"CASSPGLAGANEQFF	TRBV4-2*01	TRBJ2-1*01	nan	nan	nan	GLCTLVAML	BMLF1	EBV	HLA-A*02:01	B2M"					GLCTLVAML	BMLF1	EBV	HLA-A*02:01	B2M	vdj	2
34644	CASSPGLAGANEQFF	TRBV7-2*01	TRBJ2-1*01						"CASSPGLAGANEQFF	TRBV7-2*01	TRBJ2-1*01	nan	nan	nan	GLCTLVAML	BMLF1	EBV	HLA-A*02:01	B2M"					GLCTLVAML	BMLF1	EBV	HLA-A*02:01	B2M	vdj	2
34645	CASSPGLAGANEQFF	TRBV7-8*01	TRBJ2-1*01						"CASSPGLAGANEQFF	TRBV7-8*01	TRBJ2-1*01	nan	nan	nan	GLCTLVAML	BMLF1	EBV	HLA-A*02:01	B2M"					GLCTLVAML	BMLF1	EBV	HLA-A*02:01	B2M	vdj	2
7888	CASSVGAGREQYF	TRBV7-8	TRBJ2-7	TGTGCCAGCAGTGTAGGAGCGGGGCGGGAGCAGTACTTC	CAVRDTNQAGTALIF	TRAV1-2	TRAJ15	TGTGCTGTGAGAGATACCAACCAGGCAGGAACTGCTCTGATCTTT	TRAV1-2_TRAJ15_CAVRDTNQAGTALIF_TRBV7-8_TRBJ2-7_CASSVGAGREQYF	191.0	1.0	P-S059	S-S059						Cell	3
8670	CASSVGGGREQFF	TRBV9*01	TRBJ2-1*01		CAETRGNNRLAF	TRAV5*01	TRAJ7*01		"CASSVGGGREQFF	TRBV9*01	TRBJ2-1*01	CAETRGNNRLAF	TRAV5*01	TRAJ7*01	LLWNGPMAV	NS4B	YFV	HLA-A*02:01	B2M"					LLWNGPMAV	NS4B	YFV	HLA-A*02:01	B2M	vdj	3
2959	CASSSRLAGSTDTQYF	TRBV27	TRBJ2-3	TGTGCCAGCAGCTCCCGACTAGCGGGGAGCACAGATACGCAGTATTTT	CAVRPYRDDKIIF	TRAV3	TRAJ30	TGTGCTGTGAGACCGTACAGAGATGACAAGATCATCTTT	TRAV3_TRAJ30_CAVRPYRDDKIIF_TRBV27_TRBJ2-3_CASSSRLAGSTDTQYF	181.0	1.0	P-M026	S-M026-2 S-M026-3 S-M026-1						Cell	4
7937	CASSSRLAGGTDTQYF	TRBV27	TRBJ2-3	TGTGCCAGCAGTTCCCGACTAGCGGGGGGCACAGATACGCAGTATTTT	CAVRPNRDDKIIF	TRAV3	TRAJ30	TGTGCTGTGAGACCGAACAGAGATGACAAGATCATCTTT	TRAV3_TRAJ30_CAVRPNRDDKIIF_TRBV27_TRBJ2-3_CASSSRLAGGTDTQYF	91.0	2.0	P-M021 P-S028	S-S028 S-M021						Cell	4
5093	CASSSRLAGGTDTQYF	TRBV27	TRBJ2-3	TGTGCCAGCAGTTCGAGACTGGCTGGAGGCACAGATACGCAGTATTTT	CAVRPHRDDKIIF	TRAV3	TRAJ30	TGTGCTGTGAGACCCCACAGAGATGACAAGATCATCTTT	TRAV3_TRAJ30_CAVRPHRDDKIIF_TRBV27_TRBJ2-3_CASSSRLAGGTDTQYF	15.0	1.0	P-S028	S-S028						Cell	4
22420	CASSSRLAGSTDTQYF	TRBV9*01	TRBJ2-3*01		CAMREGQSFGNEKLTF	TRAV14/DV4*01	TRAJ48*01		"CASSSRLAGSTDTQYF	TRBV9*01	TRBJ2-3*01	CAMREGQSFGNEKLTF	TRAV14/DV4*01	TRAJ48*01	KLGGALQAK	IE1	CMV	HLA-A*03:01	B2M"					KLGGALQAK	IE1	CMV	HLA-A*03:01	B2M	vdj	4
237	CASSTDTQYF	TRBV2	TRBJ2-3	TGTGCCAGCAGCACAGATACGCAGTATTTT	CAASHDAGGGADGLTF	TRAV29/DV5	TRAJ45	TGTGCAGCAAGCCACGACGCAGGAGGAGGTGCTGACGGACTCACCTTT	TRAV29/DV5_TRAJ45_CAASHDAGGGADGLTF_TRBV2_TRBJ2-3_CASSTDTQYF	174.0	1.0	P-M049	S-M049						Cell	5
3782	CASSTDTQYF	TRBV2	TRBJ2-3	TGTGCCAGCAGCACAGATACGCAGTATTTT	CLLGSNFGNEKLTF	TRAV40	TRAJ48	TGTCTTCTGGGGTCGAACTTTGGAAATGAGAAATTAACCTTT	TRAV40_TRAJ48_CLLGSNFGNEKLTF_TRBV2_TRBJ2-3_CASSTDTQYF	74.0	1.0	P-M049	S-M049						Cell	5
9748	CATGTDTQYF	TRBV6-3*01	TRBJ2-3*01		CGFYNNNDMRF	TRAV30*01	TRAJ43*01		"CATGTDTQYF	TRBV6-3*01	TRBJ2-3*01	CGFYNNNDMRF	TRAV30*01	TRAJ43*01	KLGGALQAK	IE1	CMV	HLA-A*03:01	B2M"					KLGGALQAK	IE1	CMV	HLA-A*03:01	B2M	vdj	5
12350	CASSLDTQYF	TRBV7-9*01	TRBJ2-3*01		CAGHTGNQFYF	TRAV35*01	TRAJ49*01		"CASSLDTQYF	TRBV7-9*01	TRBJ2-3*01	CAGHTGNQFYF	TRAV35*01	TRAJ49*01	IVTDFSVIK	EBNA4	EBV	HLA-A*11:01	B2M"					IVTDFSVIK	EBNA4	EBV	HLA-A*11:01	B2M	vdj	5
13142	CASSLDTQYF	TRBV7-9*01	TRBJ2-3*01		CAASMGGGSQGNLIF	TRAV13-1*01	TRAJ42*01		"CASSLDTQYF	TRBV7-9*01	TRBJ2-3*01	CAASMGGGSQGNLIF	TRAV13-1*01	TRAJ42*01	GILGFVFTL	M	InfluenzaA	HLA-A*02:01	B2M"					GILGFVFTL	M	InfluenzaA	HLA-A*02:01	B2M	vdj	5
13157	CASSLDTQYF	TRBV7-9*01	TRBJ2-3*01		CAEDSNARLMF	TRAV5*01	TRAJ31*01		"CASSLDTQYF	TRBV7-9*01	TRBJ2-3*01	CAEDSNARLMF	TRAV5*01	TRAJ31*01	GLCTLVAML	BMLF1	EBV	HLA-A*02:01	B2M"					GLCTLVAML	BMLF1	EBV	HLA-A*02:01	B2M	vdj	5
13407	CASSLDTQYF	TRBV7-9*01	TRBJ2-3*01		CAGGGSGNTGKLIF	TRAV27*01	TRAJ37*01		"CASSLDTQYF	TRBV7-9*01	TRBJ2-3*01	CAGGGSGNTGKLIF	TRAV27*01	TRAJ37*01	GILGFVFTL	M	InfluenzaA	HLA-A*02:01	B2M"					GILGFVFTL	M	InfluenzaA	HLA-A*02:01	B2M	vdj	5
14835	CASSLDTQYF	TRBV7-9*01	TRBJ2-3*01		CAMKSTNAGKSTF	TRAV12-3*01	TRAJ27*01		"CASSLDTQYF	TRBV7-9*01	TRBJ2-3*01	CAMKSTNAGKSTF	TRAV12-3*01	TRAJ27*01	KLGGALQAK	IE1	CMV	HLA-A*03:01	B2M"					KLGGALQAK	IE1	CMV	HLA-A*03:01	B2M	vdj	5
16033	CSASTDEQFF	TRBV29-1*01	TRBJ2-1*01		CALRPSGGYQKVTF	TRAV19*01	TRAJ13*01		"CSASTDEQFF	TRBV29-1*01	TRBJ2-1*01	CALRPSGGYQKVTF	TRAV19*01	TRAJ13*01	KLGGALQAK	IE1	CMV	HLA-A*03:01	B2M"					KLGGALQAK	IE1	CMV	HLA-A*03:01	B2M	vdj	5
25322	CASSTDRVAF	TRBV9*01	TRBJ1-2*01		CAVGAGSGYALNF	TRAV8-3*01	TRAJ41*01		"CASSTDRVAF	TRBV9*01	TRBJ1-2*01	CAVGAGSGYALNF	TRAV8-3*01	TRAJ41*01	KLGGALQAK	IE1	CMV	HLA-A*03:01	B2M"					KLGGALQAK	IE1	CMV	HLA-A*03:01	B2M	vdj	5
25586	CASSLDTQYF	TRBV11-2*01	TRBJ2-3*01		CALTGGYALNF	TRAV9-2*01	TRAJ41*01		"CASSLDTQYF	TRBV11-2*01	TRBJ2-3*01	CALTGGYALNF	TRAV9-2*01	TRAJ41*01	KLGGALQAK	IE1	CMV	HLA-A*03:01	B2M"					KLGGALQAK	IE1	CMV	HLA-A*03:01	B2M	vdj	5
3189	CASSIENTEAFF	TRBV7-9	TRBJ1-1	TGTGCCAGCAGCATCGAAAACACTGAAGCTTTCTTT	CAVSRLDNDMRF	TRAV3	TRAJ43	TGTGCTGTGAGCCGACTGGACAATGACATGCGCTTT	TRAV3_TRAJ43_CAVSRLDNDMRF_TRBV7-9_TRBJ1-1_CASSIENTEAFF	155.0	1.0	P-M014	S-M014						Cell	6
21152	CASSIGNTEAFF	TRBV19*01	TRBJ1-1*01		CALSEAGTYKYIF	TRAV19*01	TRAJ40*01		"CASSIGNTEAFF	TRBV19*01	TRBJ1-1*01	CALSEAGTYKYIF	TRAV19*01	TRAJ40*01	KLGGALQAK	IE1	CMV	HLA-A*03:01	B2M"					KLGGALQAK	IE1	CMV	HLA-A*03:01	B2M	vdj	6
25123	CASSIMNTEAFF	TRBV6-3*01	TRBJ1-1*01		CAVNLGRRALTF	TRAV8-1*01	TRAJ5*01		"CASSIMNTEAFF	TRBV6-3*01	TRBJ1-1*01	CAVNLGRRALTF	TRAV8-1*01	TRAJ5*01	KLGGALQAK	IE1	CMV	HLA-A*03:01	B2M"					KLGGALQAK	IE1	CMV	HLA-A*03:01	B2M	vdj	6
7233	CASSRNNEQFF	TRBV6-6	TRBJ2-1	TGTGCCAGCAGTCGAAACAATGAGCAGTTCTTC	CAVWNYGQNFVF	TRAV20	TRAJ26	TGTGCTGTGTGGAACTATGGTCAGAATTTTGTCTTT	TRAV20_TRAJ26_CAVWNYGQNFVF_TRBV6-6_TRBJ2-1_CASSRNNEQFF	154.0	1.0	P-M046	S-M046						Cell	7
5176	CASSRNNEQFF	TRBV6-6	TRBJ2-1	TGTGCCAGCAGTCGAAACAATGAGCAGTTCTTC	CAMNAGNNRKLIW	TRAV12-3	TRAJ38	TGTGCAATGAACGCTGGCAACAACCGTAAGCTGATTTGG	TRAV12-3_TRAJ38_CAMNAGNNRKLIW_TRBV6-6_TRBJ2-1_CASSRNNEQFF	90.0	1.0	P-M046	S-M046						Cell	7
6407	CASSGNNEQFF	TRBV2	TRBJ2-1	TGTGCCAGCAGTGGAAACAATGAGCAGTTCTTC	CAVSTDSWGKFQF	TRAV5	TRAJ24	TGTGCAGTTTCAACTGACAGCTGGGGGAAATTCCAGTTT	TRAV5_TRAJ24_CAVSTDSWGKFQF_TRBV2_TRBJ2-1_CASSGNNEQFF	4.0	1.0	P-S090	S-S090-1						Cell	7
1322	CASSRMNEQYF	TRBV2	TRBJ2-7	TGTGCCAGCAGTCGGATGAACGAGCAGTACTTC	CAGGGDDKIIF	TRAV21	TRAJ30	TGTGCTGGGGGGGGAGATGACAAGATCATCTTT	TRAV21_TRAJ30_CAGGGDDKIIF_TRBV2_TRBJ2-7_CASSRMNEQYF	2.0	1.0	P-M079	S-M079						Cell	7
9157	CAISRGNEQYF	TRBV10-3*01	TRBJ2-7*01		CAVSEPSGAGSYQLTF	TRAV8-6*01	TRAJ28*01		"CAISRGNEQYF	TRBV10-3*01	TRBJ2-7*01	CAVSEPSGAGSYQLTF	TRAV8-6*01	TRAJ28*01	GILGFVFTL	M	InfluenzaA	HLA-A*02:01	B2M"					GILGFVFTL	M	InfluenzaA	HLA-A*02:01	B2M	vdj	7
17562	CASSRYNEQFF	TRBV6-3*01	TRBJ2-1*01		CAATDSGGGADGLTF	TRAV29/DV5*01	TRAJ45*01		"CASSRYNEQFF	TRBV6-3*01	TRBJ2-1*01	CAATDSGGGADGLTF	TRAV29/DV5*01	TRAJ45*01	KLGGALQAK	IE1	CMV	HLA-A*03:01	B2M"					KLGGALQAK	IE1	CMV	HLA-A*03:01	B2M	vdj	7
19007	CASSRPNEQYF	TRBV3-1*01	TRBJ2-7*01		CAGESGTYKYIF	TRAV39*01	TRAJ40*01		"CASSRPNEQYF	TRBV3-1*01	TRBJ2-7*01	CAGESGTYKYIF	TRAV39*01	TRAJ40*01	KLGGALQAK	IE1	CMV	HLA-A*03:01	B2M"					KLGGALQAK	IE1	CMV	HLA-A*03:01	B2M	vdj	7
20713	CASSRYNEQFF	TRBV6-5*01	TRBJ2-1*01		CAGQGNYGQNFVF	TRAV35*01	TRAJ26*01		"CASSRYNEQFF	TRBV6-5*01	TRBJ2-1*01	CAGQGNYGQNFVF	TRAV35*01	TRAJ26*01	KLGGALQAK	IE1	CMV	HLA-A*03:01	B2M"					KLGGALQAK	IE1	CMV	HLA-A*03:01	B2M	vdj	7
34781	CASSFNNEQFF	TRBV5-1*01	TRBJ2-1*01						"CASSFNNEQFF	TRBV5-1*01	TRBJ2-1*01	nan	nan	nan	GLCTLVAML	BMLF1	EBV	HLA-A*02:01	B2M"					GLCTLVAML	BMLF1	EBV	HLA-A*02:01	B2M	vdj	7
35691	CASSTNNEQFF	TRBV5-1*01	TRBJ2-1*01						"CASSTNNEQFF	TRBV5-1*01	TRBJ2-1*01	nan	nan	nan	ISPRTLNAW	Pol	HIV-1	HLA-B*57	B2M"					ISPRTLNAW	Pol	HIV-1	HLA-B*57	B2M	vdj	7
3333	CASSYFGMNTEAFF	TRBV6-5	TRBJ1-1	TGTGCCAGCAGTTACTTCGGCATGAACACTGAAGCTTTCTTT	CGYGGSQGNLIF	TRAV17	TRAJ42	TGTGGGTATGGAGGAAGCCAAGGAAATCTCATCTTT	TRAV17_TRAJ42_CGYGGSQGNLIF_TRBV6-5_TRBJ1-1_CASSYFGMNTEAFF	141.0	1.0	P-HC013	S-HC013						Cell	8
4940	CASSYFGMNTEAFF	TRBV6-5	TRBJ1-1	TGTGCCAGCAGTTACTTCGGCATGAACACTGAAGCTTTCTTT	CAGPGLGGTSYGKLTF	TRAV35	TRAJ52	TGTGCTGGCCCGGGATTGGGTGGTACTAGCTATGGAAAGCTGACATTT	TRAV35_TRAJ52_CAGPGLGGTSYGKLTF_TRBV6-5_TRBJ1-1_CASSYFGMNTEAFF	25.0	1.0	P-HC013	S-HC013						Cell	8
30945	CASSYFGANTEAFF	TRBV6-5*01	TRBJ1-1*01						"CASSYFGANTEAFF	TRBV6-5*01	TRBJ1-1*01	nan	nan	nan	NLVPMVATV	pp65	CMV	HLA-A*02	B2M"					NLVPMVATV	pp65	CMV	HLA-A*02	B2M	vdj	8
35744	CASSYFGGNTEAFF	TRBV6-5*01	TRBJ1-1*01						"CASSYFGGNTEAFF	TRBV6-5*01	TRBJ1-1*01	nan	nan	nan	NLVPMVATV	pp65	CMV	HLA-A*02:01	B2M"					NLVPMVATV	pp65	CMV	HLA-A*02:01	B2M	vdj	8
6544	CASSRQGNTQYF	TRBV11-3	TRBJ2-3	TGTGCCAGCAGCCGACAGGGAAATACGCAGTATTTT	CAAPPNSGGSNYKLTF	TRAV41	TRAJ53	TGTGCTGCACCGCCGAATAGTGGAGGTAGCAACTATAAACTGACATTT	TRAV41_TRAJ53_CAAPPNSGGSNYKLTF_TRBV11-3_TRBJ2-3_CASSRQGNTQYF	140.0	1.0	P-S038	S-S038						Cell	9
6374	CASSRQGNTQYF	TRBV11-3	TRBJ2-3	TGTGCCAGCAGCCGACAGGGAAATACGCAGTATTTT	CAFSLPPNFGNEKLTF	TRAV38-1	TRAJ48	TGTGCTTTCTCTCTTCCCCCTAACTTTGGAAATGAGAAATTAACCTTT	TRAV38-1_TRAJ48_CAFSLPPNFGNEKLTF_TRBV11-3_TRBJ2-3_CASSRQGNTQYF	52.0	1.0	P-S038	S-S038						Cell	9
8330	CASSGQGNTIYF	TRBV7-6	TRBJ1-3	TGTGCCAGCAGCGGACAGGGGAACACCATATATTTT	CAVDSVGTNAGKSTF	TRAV39	TRAJ27	TGTGCCGTGGATAGCGTGGGCACCAATGCAGGCAAATCAACCTTT	TRAV39_TRAJ27_CAVDSVGTNAGKSTF_TRBV7-6_TRBJ1-3_CASSGQGNTIYF	2.0	1.0	P-M054	S-M054						Cell	9
23505	CASSRTGNTIYF	TRBV7-6*01	TRBJ1-3*01		CAENYQGGKLIF	TRAV13-2*01	TRAJ23*01		"CASSRTGNTIYF	TRBV7-6*01	TRBJ1-3*01	CAENYQGGKLIF	TRAV13-2*01	TRAJ23*01	KLGGALQAK	IE1	CMV	HLA-A*03:01	B2M"					KLGGALQAK	IE1	CMV	HLA-A*03:01	B2M	vdj	9
1808	CASSQDRGGWQFF	TRBV14	TRBJ2-1	TGTGCCAGCAGCCAAGATAGGGGGGGCTGGCAGTTCTTC	CALSVLYNTDKLIF	TRAV9-2	TRAJ34	TGTGCTCTGAGTGTACTTTATAACACCGACAAGCTCATCTTT	TRAV9-2_TRAJ34_CALSVLYNTDKLIF_TRBV14_TRBJ2-1_CASSQDRGGWQFF	128.0	1.0	P-M032	S-M032						Cell	10
16721	CASSQDRGGTQYF	TRBV4-1*01	TRBJ2-7*01		CILRLAVGNYQLIW	TRAV26-2*01	TRAJ33*01		"CASSQDRGGTQYF	TRBV4-1*01	TRBJ2-7*01	CILRLAVGNYQLIW	TRAV26-2*01	TRAJ33*01	KLGGALQAK	IE1	CMV	HLA-A*03:01	B2M"					KLGGALQAK	IE1	CMV	HLA-A*03:01	B2M	vdj	10
245	CASSRLNNEQFF	TRBV7-8	TRBJ2-1	TGTGCCAGCAGCCGGCTCAACAATGAGCAGTTCTTC	CAVSESGGGADGLTF	TRAV8-6	TRAJ45	TGTGCTGTTTCCGAGTCAGGAGGAGGTGCTGACGGACTCACCTTT	TRAV8-6_TRAJ45_CAVSESGGGADGLTF_TRBV7-8_TRBJ2-1_CASSRLNNEQFF	113.0	1.0	P-M055	S-M055						Cell	11
7506	CASSRLNNEQFF	TRBV7-8	TRBJ2-1	TGTGCCAGCAGCCGCCTAAACAATGAGCAGTTCTTC	CAVSEAGGGADGLTF	TRAV8-6	TRAJ45	TGTGCTGTGAGTGAGGCAGGAGGAGGTGCTGACGGACTCACCTTT	TRAV8-6_TRAJ45_CAVSEAGGGADGLTF_TRBV7-8_TRBJ2-1_CASSRLNNEQFF	10.0	1.0	P-M049	S-M049						Cell	11
22892	CASSRLNNEQFF	TRBV27*01	TRBJ2-1*01		CASSSGGGADGLTF	TRAV24*01	TRAJ45*01		"CASSRLNNEQFF	TRBV27*01	TRBJ2-1*01	CASSSGGGADGLTF	TRAV24*01	TRAJ45*01	KLGGALQAK	IE1	CMV	HLA-A*03:01	B2M"					KLGGALQAK	IE1	CMV	HLA-A*03:01	B2M	vdj	11
29990	CASSVLNNEQFF	TRBV25-1*01	TRBJ2-1*01						"CASSVLNNEQFF	TRBV25-1*01	TRBJ2-1*01	nan	nan	nan	NLVPMVATV	pp65	CMV	HLA-A*02	B2M"					NLVPMVATV	pp65	CMV	HLA-A*02	B2M	vdj	11
