	CDR3b	TRBV	TRBJ	CDR3b_nt	CDR3a	TRAV	TRAJ	CDR3a_nt	TCR_clone.aaseq	TCR_clone.aafreq	PatientsNum	Patients	Samples	epitope	epi_gene	epi_species	mhca	mhcb	source	nodes	ClusterId
2600	CASSDPEETQYF	TRBV27	TRBJ2-5	TGTGCCAGCAGCGACCCGGAAGAGACCCAGTACTTC	CALSDNTGFQKLVF	TRAV19	TRAJ8	TGTGCTCTGAGTGATAACACAGGCTTTCAGAAACTTGTATTT	TRAV19_TRAJ8_CALSDNTGFQKLVF_TRBV27_TRBJ2-5_CASSDPEETQYF	614.0	1.0	P-S084	S-S084						Cell	CASSDPEETQYF-Cell	1
8235	CATSDPEGTGQETQYF	TRBV24-1	TRBJ2-5	TGTGCCACCAGTGATCCGGAAGGGACAGGCCAAGAGACCCAGTACTTC	CAALSYNTDKLIF	TRAV13-1	TRAJ34	TGTGCAGCCCTATCTTATAACACCGACAAGCTCATCTTT	TRAV13-1_TRAJ34_CAALSYNTDKLIF_TRBV24-1_TRBJ2-5_CATSDPEGTGQETQYF	17.0	1.0	P-S042	S-S042						Cell	CATSDPEGTGQETQYF-Cell	1
4300	CASSDPEGLYF	TRBV9	TRBJ2-7	TGTGCCAGCAGCGACCCGGAGGGGTTGTACTTC	CVEPTGGGNKLTF	TRAV12-1	TRAJ10	TGTGTGGAGCCTACGGGAGGAGGAAACAAACTCACCTTT	TRAV12-1_TRAJ10_CVEPTGGGNKLTF_TRBV9_TRBJ2-7_CASSDPEGLYF	6.0	1.0	P-M071	S-M071						Cell	CASSDPEGLYF-Cell	1
762	CASSDPEETQYF	TRBV27	TRBJ2-5	TGTGCCAGCAGCGACCCGGAAGAGACCCAGTACTTC	CALSDNTGFQKLVF	TRAV18	TRAJ8	TGTGCTCTGAGTGATAACACAGGCTTTCAGAAACTTGTATTT	TRAV18_TRAJ8_CALSDNTGFQKLVF_TRBV27_TRBJ2-5_CASSDPEETQYF	2.0	1.0	P-S084	S-S084						Cell	CASSDPEETQYF-Cell	1
9341	CASSTSDPEAFF	TRBV7-9*01	TRBJ1-1*01		CVVSDSDNNNDMRF	TRAV8-2*01	TRAJ43*01		"CASSTSDPEAFF	TRBV7-9*01	TRBJ1-1*01	CVVSDSDNNNDMRF	TRAV8-2*01	TRAJ43*01	NQKLIANQF	Spike	SARS-CoV-2	HLA-B*15:01	B2M"					NQKLIANQF	Spike	SARS-CoV-2	HLA-B*15:01	B2M	vdj	CASSTSDPEAFF-vdj	1
3031	CATDPDHNGGQYF	TRBV2	TRBJ2-7	TGTGCCACCGACCCCGATCACAACGGTGGGCAGTACTTC	CALSEYDSNNQGGKLIF	TRAV19	TRAJ23	TGTGCTCTGAGTGAGTACGATTCCAATAACCAGGGAGGAAAGCTTATCTTC	TRAV19_TRAJ23_CALSEYDSNNQGGKLIF_TRBV2_TRBJ2-7_CATDPDHNGGQYF	492.0	1.0	P-M026	S-M026-2 S-M026-3 S-M026-1						Cell	CATDPDHNGGQYF-Cell	2
4635	CASSHLGELFF	TRBV6-5	TRBJ2-2	TGTGCCAGCAGTCACCTAGGGGAGCTGTTTTTT	CAMRESPWGTSYGKLTF	TRAV14/DV4	TRAJ52	TGTGCAATGAGAGAGTCTCCTTGGGGTACTAGCTATGGAAAGCTGACATTT	TRAV14/DV4_TRAJ52_CAMRESPWGTSYGKLTF_TRBV6-5_TRBJ2-2_CASSHLGELFF	8.0	1.0	P-M079	S-M079						Cell	CASSHLGELFF-Cell	2
7568	CASSQDRGSHNGYTF	TRBV14	TRBJ1-2	TGTGCCAGCAGCCAAGATCGCGGGTCCCATAATGGCTACACCTTC	CAMSGGSSNTGKLIF	TRAV14/DV4	TRAJ37	TGTGCAATGAGTGGAGGCTCTAGCAACACAGGCAAACTAATCTTT	TRAV14/DV4_TRAJ37_CAMSGGSSNTGKLIF_TRBV14_TRBJ1-2_CASSQDRGSHNGYTF	7.0	1.0	P-M069	S-M069						Cell	CASSQDRGSHNGYTF-Cell	2
8446	CASSGRGHNGELFF	TRBV11-3	TRBJ2-2	TGTGCCAGCAGCGGCCGGGGTCACAACGGGGAGCTGTTTTTT	CAVLYGNKLVF	TRAV8-3	TRAJ47	TGTGCTGTATTATATGGAAACAAACTGGTCTTT	TRAV8-3_TRAJ47_CAVLYGNKLVF_TRBV11-3_TRBJ2-2_CASSGRGHNGELFF	2.0	1.0	P-M078	S-M078						Cell	CASSGRGHNGELFF-Cell	2
9303	CASSFVSEEHNGYTF	TRBV7-9*01	TRBJ1-2*01		CVVGTGFQKLVF	TRAV12-1*01	TRAJ8*01		"CASSFVSEEHNGYTF	TRBV7-9*01	TRBJ1-2*01	CVVGTGFQKLVF	TRAV12-1*01	TRAJ8*01	TTDPSFLGRY	NSP3	SARS-CoV-2	HLA-A*01:01	B2M"					TTDPSFLGRY	NSP3	SARS-CoV-2	HLA-A*01:01	B2M	vdj	CASSFVSEEHNGYTF-vdj	2
9601	CASSHNGELFF	TRBV4-1*01	TRBJ2-2*01		CLVDGGATNKLIF	TRAV4*01	TRAJ32*01		"CASSHNGELFF	TRBV4-1*01	TRBJ2-2*01	CLVDGGATNKLIF	TRAV4*01	TRAJ32*01	SPRWYFYYL	Nucleocapsid	SARS-CoV-2	HLA-B*07:02	B2M"					SPRWYFYYL	Nucleocapsid	SARS-CoV-2	HLA-B*07:02	B2M	vdj	CASSHNGELFF-vdj	2
2952	CASSLSDRQNSPLHF	TRBV5-6	TRBJ1-6	TGTGCCAGCAGCTTGTCGGATAGACAGAATTCACCCCTCCACTTT	CAYRSAFWGDDKIIF	TRAV38-2/DV8	TRAJ30	TGTGCTTATAGGAGCGCATTCTGGGGAGATGACAAGATCATCTTT	TRAV38-2/DV8_TRAJ30_CAYRSAFWGDDKIIF_TRBV5-6_TRBJ1-6_CASSLSDRQNSPLHF	350.0	1.0	P-M052	S-M052						Cell	CASSLSDRQNSPLHF-Cell	3
1443	CASSQGRQNSPLHF	TRBV6-5	TRBJ1-6	TGTGCCTCGAGCCAGGGACGGCAAAATTCACCCCTCCACTTT	CLVGDLRLYGSARQLTF	TRAV4	TRAJ22	TGCCTCGTGGGTGACTTGCGTCTCTATGGTTCTGCAAGGCAACTGACCTTT	TRAV4_TRAJ22_CLVGDLRLYGSARQLTF_TRBV6-5_TRBJ1-6_CASSQGRQNSPLHF	2.0	1.0	P-S053	S-S053						Cell	CASSQGRQNSPLHF-Cell	3
4050	CSAREDRQNSPLHF	TRBV20-1	TRBJ1-6	TGCAGTGCTAGGGAAGACAGGCAAAATTCACCCCTCCACTTT	CIVRLNNARLMF	TRAV26-1	TRAJ31	TGCATCGTCAGACTGAACAATGCCAGACTCATGTTT	TRAV26-1_TRAJ31_CIVRLNNARLMF_TRBV20-1_TRBJ1-6_CSAREDRQNSPLHF	2.0	1.0	P-S057	S-S057						Cell	CSAREDRQNSPLHF-Cell	3
4462	CSVVRQNSYNEQFF	TRBV29-1	TRBJ2-1	TGCAGCGTTGTACGTCAAAACTCCTACAATGAGCAGTTCTTC	CAYRRDYTGTASKLTF	TRAV38-2/DV8	TRAJ44	TGTGCTTATAGGAGGGACTATACCGGCACTGCCAGTAAACTCACCTTT	TRAV38-2/DV8_TRAJ44_CAYRRDYTGTASKLTF_TRBV29-1_TRBJ2-1_CSVVRQNSYNEQFF	2.0	1.0	P-M017	S-M017						Cell	CSVVRQNSYNEQFF-Cell	3
8938	CASLRQNSGEQFF	TRBV10-2*01	TRBJ2-1*01		CVVNMEDKLVF	TRAV12-1*01	TRAJ47*01		"CASLRQNSGEQFF	TRBV10-2*01	TRBJ2-1*01	CVVNMEDKLVF	TRAV12-1*01	TRAJ47*01	YLQPRTFLL	Spike	SARS-CoV-2	HLA-A*02:01	B2M"					YLQPRTFLL	Spike	SARS-CoV-2	HLA-A*02:01	B2M	vdj	CASLRQNSGEQFF-vdj	3
3189	CASSIENTEAFF	TRBV7-9	TRBJ1-1	TGTGCCAGCAGCATCGAAAACACTGAAGCTTTCTTT	CAVSRLDNDMRF	TRAV3	TRAJ43	TGTGCTGTGAGCCGACTGGACAATGACATGCGCTTT	TRAV3_TRAJ43_CAVSRLDNDMRF_TRBV7-9_TRBJ1-1_CASSIENTEAFF	155.0	1.0	P-M014	S-M014						Cell	CASSIENTEAFF-Cell	4
5183	CASSGSNTEAFF	TRBV9	TRBJ1-1	TGTGCCAGCAGCGGGAGTAACACTGAAGCTTTCTTT	CALGTNAGKSTF	TRAV9-2	TRAJ27	TGTGCTCTGGGGACCAATGCAGGCAAATCAACCTTT	TRAV9-2_TRAJ27_CALGTNAGKSTF_TRBV9_TRBJ1-1_CASSGSNTEAFF	38.0	1.0	P-M071	S-M071						Cell	CASSGSNTEAFF-Cell	4
1589	CASSGSNTEAFF	TRBV9	TRBJ1-1	TGTGCCAGCAGCGGATCGAACACTGAAGCTTTCTTT	CAVKNAGNMLTF	TRAV1-2	TRAJ39	TGTGCTGTTAAAAATGCAGGCAACATGCTCACCTTT	TRAV1-2_TRAJ39_CAVKNAGNMLTF_TRBV9_TRBJ1-1_CASSGSNTEAFF	25.0	2.0	P-S055 P-M071	S-M071 S-S055						Cell	CASSGSNTEAFF-Cell	4
401	CASSGGNTEAFF	TRBV9	TRBJ1-1	TGTGCCAGCAGCGGGGGGAACACTGAAGCTTTCTTT	CAPRGGGQKVTF	TRAV9-2	TRAJ13	TGTGCTCCGCGGGGAGGGGGGCAGAAAGTTACCTTT	TRAV9-2_TRAJ13_CAPRGGGQKVTF_TRBV9_TRBJ1-1_CASSGGNTEAFF	9.0	1.0	P-M071	S-M071						Cell	CASSGGNTEAFF-Cell	4
5044	CASSGGNTEAFF	TRBV9	TRBJ1-1	TGTGCCAGCAGCGGGGGGAACACTGAAGCTTTCTTT	CAVRNAGNMLTF	TRAV1-2	TRAJ39	TGTGCTGTGAGAAATGCAGGCAACATGCTCACCTTT	TRAV1-2_TRAJ39_CAVRNAGNMLTF_TRBV9_TRBJ1-1_CASSGGNTEAFF	5.0	1.0	P-M071	S-M071						Cell	CASSGGNTEAFF-Cell	4
3226	CASSGGNTEAFF	TRBV2	TRBJ1-1	TGTGCCAGCAGCGGAGGGAACACTGAAGCTTTCTTT	CAFSSGDKLTF	TRAV24	TRAJ46	TGTGCCTTTAGCAGCGGAGACAAGCTGACTTTT	TRAV24_TRAJ46_CAFSSGDKLTF_TRBV2_TRBJ1-1_CASSGGNTEAFF	2.0	1.0	P-M049	S-M049						Cell	CASSGGNTEAFF-Cell	4
9769	CASSGENTEAFF	TRBV19*01	TRBJ1-1*01						"CASSGENTEAFF	TRBV19*01	TRBJ1-1*01	nan	nan	nan	RLQSLQTYV	Spike	SARS-CoV-2	HLA-A*02	B2M"					RLQSLQTYV	Spike	SARS-CoV-2	HLA-A*02	B2M	vdj	CASSGENTEAFF-vdj	4
7850	CASSQGWPYEQYF	TRBV2	TRBJ2-7	TGTGCCAGCAGTCAGGGGTGGCCCTACGAGCAGTACTTC	CVVSESGGYQKVTF	TRAV8-2	TRAJ13	TGTGTTGTGAGTGAGTCTGGGGGTTACCAGAAAGTTACCTTT	TRAV8-2_TRAJ13_CVVSESGGYQKVTF_TRBV2_TRBJ2-7_CASSQGWPYEQYF	101.0	1.0	P-M042	S-M042-2 S-M042-1						Cell	CASSQGWPYEQYF-Cell	5
8560	CSVHQGWPYEQYF	TRBV29-1*01	TRBJ2-7*01		CAVNSGGSNYKLTF	TRAV12-2*01	TRAJ53*01		"CSVHQGWPYEQYF	TRBV29-1*01	TRBJ2-7*01	CAVNSGGSNYKLTF	TRAV12-2*01	TRAJ53*01	LTDEMIAQY	Spike	SARS-CoV-2	HLA-A*01:01	B2M"					LTDEMIAQY	Spike	SARS-CoV-2	HLA-A*01:01	B2M	vdj	CSVHQGWPYEQYF-vdj	5
8716	CSVGTGWPYEQYF	TRBV29-1*01	TRBJ2-7*01		CAVNVGGGSNYKLTF	TRAV12-2*01	TRAJ53*01		"CSVGTGWPYEQYF	TRBV29-1*01	TRBJ2-7*01	CAVNVGGGSNYKLTF	TRAV12-2*01	TRAJ53*01	LTDEMIAQY	Spike	SARS-CoV-2	HLA-A*01:01	B2M"					LTDEMIAQY	Spike	SARS-CoV-2	HLA-A*01:01	B2M	vdj	CSVGTGWPYEQYF-vdj	5
8789	CSVGKGWPYEQYF	TRBV29-1*01	TRBJ2-7*01		CAVNMQSNDYKLSF	TRAV12-2*01	TRAJ20*01		"CSVGKGWPYEQYF	TRBV29-1*01	TRBJ2-7*01	CAVNMQSNDYKLSF	TRAV12-2*01	TRAJ20*01	LTDEMIAQY	Spike	SARS-CoV-2	HLA-A*01:01	B2M"					LTDEMIAQY	Spike	SARS-CoV-2	HLA-A*01:01	B2M	vdj	CSVGKGWPYEQYF-vdj	5
9072	CSVGTGWPYEQYF	TRBV29-1*01	TRBJ2-7*01		CVVTSRDHLRANAGGTSYGKLTF	TRAV12-1*01	TRAJ52*01		"CSVGTGWPYEQYF	TRBV29-1*01	TRBJ2-7*01	CVVTSRDHLRANAGGTSYGKLTF	TRAV12-1*01	TRAJ52*01	LTDEMIAQY	Spike	SARS-CoV-2	HLA-A*01:01	B2M"					LTDEMIAQY	Spike	SARS-CoV-2	HLA-A*01:01	B2M	vdj	CSVGTGWPYEQYF-vdj	5
9173	CSVGQGWPYEQYF	TRBV29-1*01	TRBJ2-7*01		CAVSLLNSGGSNYKLTF	TRAV8-1*01	TRAJ53*01		"CSVGQGWPYEQYF	TRBV29-1*01	TRBJ2-7*01	CAVSLLNSGGSNYKLTF	TRAV8-1*01	TRAJ53*01	LTDEMIAQY	Spike	SARS-CoV-2	HLA-A*01:01	B2M"					LTDEMIAQY	Spike	SARS-CoV-2	HLA-A*01:01	B2M	vdj	CSVGQGWPYEQYF-vdj	5
9340	CSVHQGWPYEQYF	TRBV29-1*01	TRBJ2-7*01		CATDIVREGGSEKLVF	TRAV17*01	TRAJ57*01		"CSVHQGWPYEQYF	TRBV29-1*01	TRBJ2-7*01	CATDIVREGGSEKLVF	TRAV17*01	TRAJ57*01	LTDEMIAQY	Spike	SARS-CoV-2	HLA-A*01:01	B2M"					LTDEMIAQY	Spike	SARS-CoV-2	HLA-A*01:01	B2M	vdj	CSVHQGWPYEQYF-vdj	5
9392	CSVLTGWPYEQYF	TRBV29-1*01	TRBJ2-7*01		CAGALGGAGSYQLTF	TRAV12-2*01	TRAJ28*01		"CSVLTGWPYEQYF	TRBV29-1*01	TRBJ2-7*01	CAGALGGAGSYQLTF	TRAV12-2*01	TRAJ28*01	LTDEMIAQY	Spike	SARS-CoV-2	HLA-A*01:01	B2M"					LTDEMIAQY	Spike	SARS-CoV-2	HLA-A*01:01	B2M	vdj	CSVLTGWPYEQYF-vdj	5
